{"cameraMode":{"drawMode":0,"name":"Shaded","section":"Shading Mode"},"sceneLighting":false,"audioPlay":false,"sceneViewState":{"m_AlwaysRefresh":false,"showFog":true,"showSkybox":false,"showFlares":true,"showImageEffects":true,"showParticleSystems":true,"showVisualEffectGraphs":true,"m_FxEnabled":true},"in2DMode":false,"pivot":{"x":-0.8508244156837463,"y":0.003966931253671646,"z":0.13461235165596009},"rotation":{"x":0.5655908584594727,"y":-0.10567186027765274,"z":0.07336827367544174,"w":0.8146038055419922},"size":0.06148781254887581,"orthographic":false}